system:index,built_fraction,built_pixel_count,center_lat,center_lon,crop_fraction,crop_pixel_count,dominant_class_name,dominant_esa_code,dominant_fraction,dominant_id,grass_fraction,grass_pixel_count,ignored_pixel_count,inside_fraction,patch_group,patch_id,region_name,selected_fraction,selected_pixel_count,shrub_fraction,shrub_pixel_count,split,total_pixel_count,tree_fraction,tree_pixel_count,.geo
"1_1_1_1_1_626,10275",0.0,0,46.367542337892424,24.572056526990497,0.005617965360933697,20.345098039215685,Tree cover,10,0.742183253092155,0,0.25219878154691117,913.3215686274509,0,1.0,tree,A_24.57206_46.36754,A,1.0,3621.435294117649,0.0,0,train,3621.435294117649,0.742183253092155,2687.768627450982,"{""type"":""MultiPoint"",""coordinates"":[]}"
"1_1_1_1_1_663,10237",0.0,0,46.20152153320443,24.81918248115839,0.0,0,Tree cover,10,0.9080649995439086,0,0.0919350004560914,332.0,0,1.0,tree,A_24.81918_46.20152,A,1.0,3611.24705882353,0.0,0,train,3611.24705882353,0.9080649995439086,3279.24705882353,"{""type"":""MultiPoint"",""coordinates"":[]}"
"1_1_1_1_1_643,10275",0.0,0,46.36983462396227,24.682471217224712,0.0,0,Tree cover,10,0.7423303384460801,0,0.2576696615539199,933.2431372549016,0,1.0,tree,A_24.68247_46.36983,A,1.0,3621.85882352941,0.0,0,train,3621.85882352941,0.7423303384460801,2688.6156862745083,"{""type"":""MultiPoint"",""coordinates"":[]}"
"1_1_1_1_1_605,10240",0.0,0,46.20722303739261,24.443017058673274,0.0,0,Tree cover,10,0.757003773142265,0,0.24299622685773498,877.3764705882354,0,1.0,tree,A_24.44302_46.20722,A,1.0,3610.6588235294116,0.0,0,train,3610.6588235294116,0.757003773142265,2733.282352941176,"{""type"":""MultiPoint"",""coordinates"":[]}"
"1_1_1_1_1_520,10268",0.0,0,46.31939549121389,23.885711072453393,0.1765234063226568,638.3529411764706,Tree cover,10,0.6109837509109205,0,0.21249284276642263,768.4274509803921,0,1.0,tree,A_23.88571_46.31940,A,1.0,3616.250980392156,0.0,0,train,3616.250980392156,0.6109837509109205,2209.4705882352932,"{""type"":""MultiPoint"",""coordinates"":[]}"
"1_1_1_1_1_632,10254",0.0,0,46.273947375012355,24.61513312123611,0.25429631911422707,919.4078431372548,Tree cover,10,0.5948541789594253,0,0.15084950192634755,545.3960784313726,0,1.0,tree,A_24.61513_46.27395,A,1.0,3615.4980392156876,0.0,0,train,3615.4980392156876,0.5948541789594253,2150.69411764706,"{""type"":""MultiPoint"",""coordinates"":[]}"
"1_1_1_1_1_593,10247",0.0,0,46.236924264588524,24.363813712559306,0.0,0,Tree cover,10,0.845669436649533,0,0.15433056335046705,557.5176470588235,0,1.0,tree,A_24.36381_46.23692,A,1.0,3612.490196078432,0.0,0,train,3612.490196078432,0.845669436649533,3054.9725490196083,"{""type"":""MultiPoint"",""coordinates"":[]}"
"1_1_1_1_1_633,10254",0.0,0,46.27408250894711,24.621616868064475,0.1585412547196519,573.1999999999998,Tree cover,10,0.5153952033910988,0,0.3260635418892493,1178.8705882352942,0,1.0,tree,A_24.62162_46.27408,A,1.0,3615.462745098038,0.0,0,train,3615.462745098038,0.5153952033910988,1863.3921568627436,"{""type"":""MultiPoint"",""coordinates"":[]}"
"1_1_1_1_1_681,10275",0.0,0,46.374573269547504,24.929327101256284,0.00258920414445854,9.380392156862744,Tree cover,10,0.8486343896535748,0,0.1487764062019666,539.0,0,1.0,tree,A_24.92933_46.37457,A,1.0,3622.8862745098036,0.0,0,train,3622.8862745098036,0.8486343896535748,3074.5058823529407,"{""type"":""MultiPoint"",""coordinates"":[]}"
"1_1_1_1_1_612,10259",0.0,0,46.29364559329121,24.48443890041557,0.042250329106457,152.79607843137256,Tree cover,10,0.7230604406448101,0,0.23413620127652096,846.7411764705881,0,1.0,tree,A_24.48444_46.29365,A,1.0,3616.4470588235295,5.530289722119207E-4,2.0,train,3616.4470588235295,0.7230604406448101,2614.9098039215687,"{""type"":""MultiPoint"",""coordinates"":[]}"
"1_1_1_1_1_609,10245",0.0,0,46.23027777727431,24.467883851148287,0.0,0,Tree cover,10,0.6936050513406767,0,0.3063949486593232,1106.7490196078431,0,1.0,tree,A_24.46788_46.23028,A,1.0,3612.1647058823537,0.0,0,train,3612.1647058823537,0.6936050513406767,2505.4156862745103,"{""type"":""MultiPoint"",""coordinates"":[]}"
"1_1_1_1_1_626,10237",0.0,0,46.19669753522933,24.57959617369193,0.0,0,Tree cover,10,0.9818111316395723,0,0.01818886836042765,65.67058823529412,0,1.0,tree,A_24.57960_46.19670,A,1.0,3610.4823529411756,0.0,0,train,3610.4823529411756,0.9818111316395723,3544.8117647058816,"{""type"":""MultiPoint"",""coordinates"":[]}"
"1_1_1_1_1_539,10283",0.0,0,46.390094571798265,24.005255779815652,0.16440501213399042,595.3647058823531,Tree cover,10,0.580763862041781,0,0.254554984140804,921.8274509803921,0,1.0,tree,A_24.00526_46.39009,A,1.0,3621.329411764707,2.761416834246766E-4,1.0,train,3621.329411764707,0.580763862041781,2103.137254901962,"{""type"":""MultiPoint"",""coordinates"":[]}"
"1_1_1_1_1_632,10238",0.0,0,46.20201000674807,24.618249421636012,0.007784831091538016,28.109803921568627,Tree cover,10,0.9133199024724007,0,0.07889526643606133,284.878431372549,0,1.0,tree,A_24.61825_46.20201,A,1.0,3610.843137254901,0.0,0,train,3610.843137254901,0.9133199024724007,3297.8549019607835,"{""type"":""MultiPoint"",""coordinates"":[]}"
"1_1_1_1_1_585,10251",0.0,0,46.25369679110959,24.31111149889348,0.23989068547328016,866.7843137254903,Tree cover,10,0.7396084994432254,0,0.020500815083494498,74.07450980392157,0,1.0,tree,A_24.31111_46.25370,A,1.0,3613.247058823531,0.0,0,train,3613.247058823531,0.7396084994432254,2672.388235294119,"{""type"":""MultiPoint"",""coordinates"":[]}"
"1_1_1_1_1_622,10273",0.0,0,46.357995989765925,24.546481361077323,0.0742795436649557,268.94117647058823,Tree cover,10,0.5946327668317685,0,0.3310876895032757,1198.7568627450976,0,1.0,tree,A_24.54648_46.35800,A,1.0,3620.6627450980395,0.0,0,train,3620.6627450980395,0.5946327668317685,2152.9647058823534,"{""type"":""MultiPoint"",""coordinates"":[]}"
"1_1_1_1_1_593,10245",0.0,0,46.227933825246424,24.364244435314134,0.032367867310310654,116.90588235294118,Tree cover,10,0.6917479364955278,0,0.27588419619416144,996.4352941176473,0,1.0,tree,A_24.36424_46.22793,A,1.0,3611.7882352941206,0.0,0,train,3611.7882352941206,0.6917479364955278,2498.4470588235317,"{""type"":""MultiPoint"",""coordinates"":[]}"
"1_1_1_1_1_568,10278",0.0,0,46.37240370024681,24.194764251851343,0.034198429959016056,123.82352941176471,Tree cover,10,0.9562227603954562,0,0.009578809645527726,34.68235294117647,0,1.0,tree,A_24.19476_46.37240,A,1.0,3620.737254901959,0.0,0,train,3620.737254901959,0.9562227603954562,3462.231372549018,"{""type"":""MultiPoint"",""coordinates"":[]}"
"1_1_1_1_1_675,10250",0.0,0,46.26143865176723,24.894663749035697,0.0030427349685638273,11.0,Tree cover,10,0.9452112449938603,0,0.05174602003757585,187.0705882352941,0,1.0,tree,A_24.89466_46.26144,A,1.0,3615.1686274509825,0.0,0,train,3615.1686274509825,0.9452112449938603,3417.0980392156885,"{""type"":""MultiPoint"",""coordinates"":[]}"
"1_1_1_1_1_569,10282",0.0,0,46.390540899544064,24.200337961615457,0.19718041469839573,714.1882352941176,Tree cover,10,0.6324513242046707,0,0.17036826109693365,617.0745098039215,0,1.0,tree,A_24.20034_46.39054,A,1.0,3622.0039215686274,0.0,0,train,3622.0039215686274,0.6324513242046707,2290.7411764705885,"{""type"":""MultiPoint"",""coordinates"":[]}"
"1_1_1_1_1_637,10253",0.0,0,46.270123212400414,24.647744788744067,0.006638586458368369,24.0,Tree cover,10,0.6906592268216247,0,0.3027021867200069,1094.3372549019603,0,1.0,tree,A_24.64774_46.27012,A,1.0,3615.2274509803883,0.0,0,train,3615.2274509803883,0.6906592268216247,2496.8901960784283,"{""type"":""MultiPoint"",""coordinates"":[]}"
"1_1_1_1_1_558,10259",0.0,0,46.28540008812085,24.134301538071153,0.25633017132144903,926.5843137254901,Tree cover,10,0.5376110898960269,0,0.20605873878252412,744.862745098039,0,1.0,tree,A_24.13430_46.28540,A,1.0,3614.8078431372546,0.0,0,train,3614.8078431372546,0.5376110898960269,1943.3607843137256,"{""type"":""MultiPoint"",""coordinates"":[]}"
"1_1_1_1_1_628,10241",8.306486551635403E-4,3.0,46.21495523795342,24.59175898069254,0.07133697515763324,257.64313725490194,Tree cover,10,0.6660173491558329,0,0.26181502703137033,945.5803921568627,0,1.0,tree,A_24.59176_46.21496,A,1.0,3611.635294117646,0.0,0,train,3611.635294117646,0.6660173491558329,2405.4117647058815,"{""type"":""MultiPoint"",""coordinates"":[]}"
"1_1_1_1_1_672,10277",0.0,0,46.38249260961174,24.870505922665394,0.0,0,Tree cover,10,0.9301094995189034,0,0.06989050048109652,253.23137254901965,0,1.0,tree,A_24.87051_46.38249,A,1.0,3623.2588235294133,0.0,0,train,3623.2588235294133,0.9301094995189034,3370.0274509803935,"{""type"":""MultiPoint"",""coordinates"":[]}"
"1_1_1_1_1_588,10239",0.0,0,46.200211375052476,24.33316654078068,0.005314462573342737,19.1843137254902,Tree cover,10,0.5929015205750744,0,0.40178401685158305,1450.3725490196077,0,1.0,tree,A_24.33317_46.20021,A,1.0,3609.831372549018,0.0,0,train,3609.831372549018,0.5929015205750744,2140.2745098039204,"{""type"":""MultiPoint"",""coordinates"":[]}"
"1_1_1_1_1_680,10279",0.0,0,46.392443018532724,24.922147495940358,0.005518739909362809,20.0,Tree cover,10,0.742452311594548,0,0.2520289484960891,913.356862745098,0,1.0,tree,A_24.92215_46.39244,A,1.0,3624.015686274512,0.0,0,train,3624.015686274512,0.742452311594548,2690.658823529414,"{""type"":""MultiPoint"",""coordinates"":[]}"
"1_1_1_1_1_557,10240",0.0,0,46.19984506869717,24.13227535176957,0.006824407061050249,24.631372549019606,Tree cover,10,0.760450382616613,0,0.23272521032233676,839.9764705882353,0,1.0,tree,A_24.13228_46.19985,A,1.0,3609.3058823529404,0.0,0,train,3609.3058823529404,0.760450382616613,2744.6980392156856,"{""type"":""MultiPoint"",""coordinates"":[]}"
"1_1_1_1_1_622,10235",0.0,0,46.18715414628335,24.554097847798843,0.0,0,Tree cover,10,1.0,0,0.0,0,0,0.9788475565781452,tree,A_24.55410_46.18715,A,1.0,3609.772549019609,0.0,0,train,3609.772549019609,1.0,3609.772549019609,"{""type"":""MultiPoint"",""coordinates"":[]}"
"1_1_1_1_1_641,10247",0.0,0,46.24367657508526,24.67482002506967,0.0,0,Tree cover,10,0.9475668965098134,0,0.05243310349018664,189.47843137254904,0,1.0,tree,A_24.67482_46.24368,A,1.0,3613.717647058823,0.0,0,train,3613.717647058823,0.9475668965098134,3424.239215686274,"{""type"":""MultiPoint"",""coordinates"":[]}"
"1_1_1_1_1_626,10263",0.0,0,46.313592004299494,24.574444859116102,0.0,0,Tree cover,10,0.9271560217732023,0,0.0728439782267977,263.5529411764706,0,1.0,tree,A_24.57444_46.31359,A,1.0,3618.0470588235294,0.0,0,train,3618.0470588235294,0.9271560217732023,3354.494117647059,"{""type"":""MultiPoint"",""coordinates"":[]}"
"1_1_1_1_2_586,10261",0.0,0,46.298799227489816,24.315395553929026,0.0,0,Grassland,30,0.7690842074557317,2,0.7690842074557317,2781.25882352941,0,1.0,grassland,A_24.31540_46.29880,A,1.0,3616.3254901960768,0.0,0,train,3616.3254901960768,0.2309157925442683,835.0666666666666,"{""type"":""MultiPoint"",""coordinates"":[]}"
"1_1_1_1_2_670,10267",0.0,0,46.33728237030884,24.85926831301811,0.0,0,Grassland,30,0.6280330077904975,2,0.6280330077904975,2273.666666666668,0,1.0,grassland,A_24.85927_46.33728,A,1.0,3620.298039215686,0.0,0,train,3620.298039215686,0.3719669922095025,1346.6313725490184,"{""type"":""MultiPoint"",""coordinates"":[]}"
"1_1_1_1_2_522,10278",0.0,0,46.36468131778588,23.896137200719302,0.018464342289747474,66.82745098039216,Grassland,30,0.9790489688096615,2,0.9790489688096615,3543.4431372549016,0,1.0,grassland,A_23.89614_46.36468,A,1.0,3619.270588235294,0.0,0,train,3619.270588235294,0.0024866889005909546,9.0,"{""type"":""MultiPoint"",""coordinates"":[]}"
"1_1_1_1_2_517,10265",0.006361750962126701,23.0,46.30538386906091,23.8670260168786,0.18857032527909265,681.7490196078431,Grassland,30,0.75851812963437,2,0.75851812963437,2742.3137254901962,0,1.0,grassland,A_23.86703_46.30538,A,1.0,3615.3568627450986,0.0,0,train,3615.3568627450986,0.04654979412441045,168.2941176470588,"{""type"":""MultiPoint"",""coordinates"":[]}"
"1_1_1_1_2_567,10279",0.0,0,46.37673855557534,24.18804021683685,0.08210438306642451,297.29803921568623,Grassland,30,0.5658846221742808,2,0.5658846221742808,2049.054901960784,0,1.0,grassland,A_24.18804_46.37674,A,1.0,3620.9764705882344,0.0,0,train,3620.9764705882344,0.35201099475929465,1274.6235294117641,"{""type"":""MultiPoint"",""coordinates"":[]}"
"1_1_1_1_2_645,10267",0.0,0,46.33412729144352,24.69697425092936,0.09732433644714007,352.2705882352941,Grassland,30,0.5232105362378194,2,0.5232105362378194,1893.788235294117,0,1.0,grassland,A_24.69697_46.33413,A,1.0,3619.552941176469,0.0,0,train,3619.552941176469,0.3794651273150406,1373.4941176470586,"{""type"":""MultiPoint"",""coordinates"":[]}"
"1_1_1_1_2_563,10282",0.0,0,46.389579417259284,24.16136665367614,0.0016208947078924694,5.870588235294118,Grassland,30,0.9983791052921075,2,0.9983791052921075,3615.949019607842,0,1.0,grassland,A_24.16137_46.38958,A,1.0,3621.819607843136,0.0,0,train,3621.819607843136,0.0,0,"{""type"":""MultiPoint"",""coordinates"":[]}"
"1_1_1_1_2_528,10280",0.0,0,46.37471961283746,23.934578314173145,0.0,0,Grassland,30,0.9913088034249142,2,0.9913088034249142,3588.6078431372553,0,1.0,grassland,A_23.93458_46.37472,A,1.0,3620.0705882352945,0.0,0,train,3620.0705882352945,0.008691196575085741,31.462745098039214,"{""type"":""MultiPoint"",""coordinates"":[]}"
"1_1_1_1_2_649,10275",0.002870103717818246,10.39607843137255,46.37061823094004,24.721444276825657,0.23232899551783132,841.5411764705883,Grassland,30,0.7039917285581273,2,0.7039917285581273,2549.996078431371,0,1.0,grassland,A_24.72144_46.37062,A,1.0,3622.1960784313715,0.0,0,train,3622.1960784313715,0.06080917220622308,220.2627450980392,"{""type"":""MultiPoint"",""coordinates"":[]}"
"1_1_1_1_2_537,10287",0.0,0,46.407727982868494,23.991278762645646,0.003036558869728919,11.0,Grassland,30,0.6524671905497527,2,0.6524671905497527,2363.576470588235,0,1.0,grassland,A_23.99128_46.40773,A,1.0,3622.52156862745,0.0,0,train,3622.52156862745,0.34449625058051847,1247.9450980392148,"{""type"":""MultiPoint"",""coordinates"":[]}"
"1_1_1_1_2_616,10250",0.0,0,46.25375241106315,24.512213635349987,0.07719276543659997,278.9764705882354,Grassland,30,0.535212505533998,2,0.535212505533998,1934.2705882352923,0,1.0,grassland,A_24.51221_46.25375,A,1.0,3614.023529411763,0.0,0,train,3614.023529411763,0.387594729029402,1400.7764705882353,"{""type"":""MultiPoint"",""coordinates"":[]}"
"1_1_1_1_2_577,10242",0.0,0,46.21201147827875,24.261289170193947,0.1275111873832385,460.38039215686274,Grassland,30,0.814448016683321,2,0.814448016683321,2940.572549019607,0,1.0,grassland,A_24.26129_46.21201,A,1.0,3610.5098039215677,0.0,0,train,3610.5098039215677,0.05804079593344051,209.55686274509802,"{""type"":""MultiPoint"",""coordinates"":[]}"
"1_1_1_1_2_544,10273",0.0,0,46.34600242793883,24.040158056933723,0.09875716354115187,357.35686274509806,Grassland,30,0.8924688532265197,2,0.8924688532265197,3229.435294117648,0,1.0,grassland,A_24.04016_46.34600,A,1.0,3618.541176470589,0.0,0,train,3618.541176470589,0.008773983232328484,31.749019607843135,"{""type"":""MultiPoint"",""coordinates"":[]}"
"1_1_1_1_2_664,10246",0.0,0,46.242115692494366,24.8240596311655,0.2366951550875488,855.3921568627452,Grassland,30,0.554815613795977,2,0.554815613795977,2005.0470588235282,6.309803921568627,1.0,grassland,A_24.82406_46.24212,A,0.9982540171711822,3607.5882352941167,0.0,0,train,3613.8980392156855,0.20674324828765644,747.1490196078432,"{""type"":""MultiPoint"",""coordinates"":[]}"
"1_1_1_1_2_545,10271",0.0,0,46.33718252511583,24.04713162095743,0.11381025518183992,411.76862745098043,Grassland,30,0.817247400544333,2,0.817247400544333,2956.8235294117662,0,1.0,grassland,A_24.04713_46.33718,A,1.0,3618.027450980394,0.0,0,train,3618.027450980394,0.06894234427382699,249.43529411764703,"{""type"":""MultiPoint"",""coordinates"":[]}"
"1_1_1_1_2_606,10249",0.0,0,46.247827490497095,24.447616286200752,0.009963240201999813,36.0,Grassland,30,0.942252278358605,2,0.942252278358605,3404.6235294117646,0,1.0,grassland,A_24.44762_46.24783,A,1.0,3613.282352941176,0.0,0,train,3613.282352941176,0.047784481439395184,172.6588235294118,"{""type"":""MultiPoint"",""coordinates"":[]}"
"1_1_1_1_2_542,10263",0.0,0,46.30072689510954,24.029615083123947,0.043006402531944876,155.4941176470588,Grassland,30,0.9569935974680551,2,0.9569935974680551,3460.1098039215676,0,1.0,grassland,A_24.02962_46.30073,A,1.0,3615.6039215686264,0.0,0,train,3615.6039215686264,0.0,0,"{""type"":""MultiPoint"",""coordinates"":[]}"
"1_1_1_1_2_681,10250",0.0,0,46.262148677949696,24.933565427729327,0.07346835179424438,265.62352941176476,Grassland,30,0.748864361113642,2,0.748864361113642,2707.505882352941,0,1.0,grassland,A_24.93357_46.26215,A,1.0,3615.4823529411765,0.0,0,train,3615.4823529411765,0.17766728709211366,642.3529411764706,"{""type"":""MultiPoint"",""coordinates"":[]}"
"1_1_1_1_2_595,10246",0.0,0,46.232727220297555,24.37698437393873,0.10255928677821259,370.4666666666667,Grassland,30,0.7949433079004163,2,0.7949433079004163,2871.5098039215663,0,1.0,grassland,A_24.37698_46.23273,A,1.0,3612.219607843135,0.0,0,train,3612.219607843135,0.10249740532137108,370.2431372549019,"{""type"":""MultiPoint"",""coordinates"":[]}"
"1_1_1_1_2_613,10272",0.0,0,46.35223087465405,24.48824947241728,0.23280783204178604,842.8392156862745,Grassland,30,0.7372944879774518,2,0.7372944879774518,2669.2431372549004,0,1.0,grassland,A_24.48825_46.35223,A,1.0,3620.3215686274493,0.0,0,train,3620.3215686274493,0.029897679980762204,108.2392156862745,"{""type"":""MultiPoint"",""coordinates"":[]}"
"1_1_1_1_2_604,10279",0.002103644838058324,7.6196078431372545,46.38239911235456,24.428342998498053,0.367665798719191,1331.7215686274506,Grassland,30,0.5823739897253787,2,0.5823739897253787,2109.41568627451,0,1.0,grassland,A_24.42834_46.38240,A,1.0,3622.0980392156857,0.0,0,train,3622.0980392156857,0.04785656671737213,173.34117647058824,"{""type"":""MultiPoint"",""coordinates"":[]}"
"1_1_1_1_2_563,10240",5.540984817701596E-4,2.0,46.20081345022423,24.171111322558673,5.540984817701596E-4,2.0,Grassland,30,0.5814970219922776,2,0.5814970219922776,2098.8941176470607,0,1.0,grassland,A_24.17111_46.20081,A,1.0,3609.4666666666685,0.0,0,train,3609.4666666666685,0.41739478104418204,1506.5725490196078,"{""type"":""MultiPoint"",""coordinates"":[]}"
"1_1_1_1_2_651,10252",0.0038777684012313413,14.019607843137255,46.267459199171284,24.7387022010559,0.1345580211774966,486.47843137254904,Grassland,30,0.6828885740876125,2,0.6828885740876125,2468.901960784313,0,1.0,grassland,A_24.73870_46.26746,A,1.0,3615.380392156862,0.0,0,train,3615.380392156862,0.17867563633365952,645.9803921568628,"{""type"":""MultiPoint"",""coordinates"":[]}"
"1_1_1_1_2_606,10244",0.041639387336093306,150.39607843137256,46.22534991169652,24.448658908314968,0.07408469024252276,267.5843137254902,Grassland,30,0.5096582402035987,2,0.5096582402035987,1840.8196078431367,0,1.0,grassland,A_24.44866_46.22535,A,1.0,3611.8705882352933,0.0,0,train,3611.8705882352933,0.3746176822177851,1353.0705882352936,"{""type"":""MultiPoint"",""coordinates"":[]}"
"1_1_1_1_2_552,10259",0.0,0,46.284417819396495,24.09540709573356,0.04969314038298595,179.62745098039215,Grassland,30,0.8735881582673091,2,0.8735881582673091,3157.7882352941187,0,1.0,grassland,A_24.09541_46.28442,A,1.0,3614.7333333333345,0.0013832279006289073,5.0,train,3614.7333333333345,0.07533547344907603,272.3176470588235,"{""type"":""MultiPoint"",""coordinates"":[]}"
"1_1_1_1_2_655,10254",0.0,0,46.276962498632244,24.76427081968001,0.002345839415741742,8.482352941176469,Grassland,30,0.766561322606604,2,0.766561322606604,2771.819607843138,0,1.0,grassland,A_24.76427_46.27696,A,1.0,3615.9137254901966,0.0,0,train,3615.9137254901966,0.23109283797765431,835.6117647058824,"{""type"":""MultiPoint"",""coordinates"":[]}"
"1_1_1_1_2_582,10255",0.0,0,46.27121734173602,24.290786163949242,0.4686054964250451,1693.760784313724,Grassland,30,0.5313945035749549,2,0.5313945035749549,1920.7098039215682,0,1.0,grassland,A_24.29079_46.27122,A,1.0,3614.470588235292,0.0,0,train,3614.470588235292,0.0,0,"{""type"":""MultiPoint"",""coordinates"":[]}"
"1_1_1_1_2_527,10269",0.0,0,46.325117559142896,23.9308568749563,0.38867601712226263,1405.7999999999981,Grassland,30,0.5896392528309417,2,0.5896392528309417,2132.662745098038,0,1.0,grassland,A_23.93086_46.32512,A,1.0,3616.894117647056,0.0,0,train,3616.894117647056,0.021684730046795664,78.43137254901961,"{""type"":""MultiPoint"",""coordinates"":[]}"
"1_1_1_1_2_538,10270",0.0030407328111872953,11.0,46.33150591001559,24.00196151020033,0.2581381609257704,933.8274509803922,Grassland,30,0.5395896907775278,2,0.5395896907775278,1951.9921568627447,0,1.0,grassland,A_24.00196_46.33151,A,1.0,3617.5490196078426,0.0,0,train,3617.5490196078426,0.19923141548551454,720.7294117647059,"{""type"":""MultiPoint"",""coordinates"":[]}"
"1_1_1_1_2_631,10254",0.0,0,46.2738118735856,24.608649421038844,0.0,0,Grassland,30,0.6617620739214145,2,0.6617620739214145,2392.5294117647054,0,1.0,grassland,A_24.60865_46.27381,A,1.0,3615.392156862744,0.0,0,train,3615.392156862744,0.3382379260785854,1222.8627450980382,"{""type"":""MultiPoint"",""coordinates"":[]}"
"1_1_1_2_568,10288",0.0,0,46.41734825076883,24.192458483515306,1.0,3623.7019607843135,Cropland,40,1.0,3,0.0,0,0,1.0,cropland,A_24.19246_46.41735,A,1.0,3623.7019607843135,0.0,0,train,3623.7019607843135,0.0,0,"{""type"":""MultiPoint"",""coordinates"":[]}"
"1_1_1_2_576,10276",0.0,0,46.36467784194567,24.247163610135445,0.505779795844093,1831.1529411764707,Cropland,40,0.505779795844093,3,0.47847632623351394,1732.3019607843123,0,1.0,cropland,A_24.24716_46.36468,A,1.0,3620.454901960783,0.0,0,train,3620.454901960783,0.015743877922393033,57.0,"{""type"":""MultiPoint"",""coordinates"":[]}"
"1_1_1_2_530,10270",8.29368985719676E-4,3.0,46.330132209312026,23.950065380195646,0.6495010776376102,2349.3803921568615,Cropland,40,0.6495010776376102,3,0.30742160565835636,1112.0078431372542,0,1.0,cropland,A_23.95007_46.33013,A,1.0,3617.207843137253,0.0,0,train,3617.207843137253,0.04224794771831379,152.81960784313725,"{""type"":""MultiPoint"",""coordinates"":[]}"
"1_1_1_2_608,10278",0.0038188023231137676,13.831372549019607,46.37848542138422,24.454534988708797,0.6971517603087092,2525.023529411766,Cropland,40,0.6971517603087092,3,0.12186710957699748,441.3921568627451,0,1.0,cropland,A_24.45453_46.37849,A,1.0,3621.9137254901975,0.0,0,train,3621.9137254901975,0.1771623277911795,641.6666666666665,"{""type"":""MultiPoint"",""coordinates"":[]}"
"1_1_1_2_647,10267",0.015194130367892114,54.99607843137255,46.33438816773115,24.709956764865762,0.5245030271249462,1898.4705882352928,Cropland,40,0.5245030271249462,3,0.23803776430462809,861.592156862745,0,1.0,cropland,A_24.70996_46.33439,A,1.0,3619.560784313724,0.0,0,train,3619.560784313724,0.22226507820253358,804.5019607843136,"{""type"":""MultiPoint"",""coordinates"":[]}"
"1_1_1_2_584,10255",0.007011936457512849,25.34509803921568,46.2715240104901,24.303749802412092,0.6111125576914314,2208.9058823529413,Cropland,40,0.6111125576914314,3,0.288879196800743,1044.172549019608,0,1.0,cropland,A_24.30375_46.27152,A,1.0,3614.5647058823533,0.0,0,train,3614.5647058823533,0.09299630905031277,336.1411764705882,"{""type"":""MultiPoint"",""coordinates"":[]}"
"1_1_1_2_563,10285",0.03581607767023923,129.75294117647056,46.40306240015678,24.16066686034359,0.5631178941830672,2040.0392156862738,Cropland,40,0.5631178941830672,3,0.07707054426106003,279.2078431372549,0,1.0,cropland,A_24.16067_46.40306,A,1.0,3622.756862745096,0.0,0,train,3622.756862745096,0.3239954838856335,1173.756862745097,"{""type"":""MultiPoint"",""coordinates"":[]}"
"1_1_1_2_590,10270",0.0,0,46.33986137379154,24.339374974994143,0.8480301488697967,3069.1607843137263,Cropland,40,0.8480301488697967,3,0.05656488822575244,204.71764705882353,4.901960784313726,1.0,cropland,A_24.33937_46.33986,A,0.9986455546562039,3614.26274509804,0.0,0,train,3619.1647058823537,0.09405051756065474,340.3843137254902,"{""type"":""MultiPoint"",""coordinates"":[]}"
"1_1_1_2_534,10256",0.0,0,46.2679106603754,23.979477565360053,0.9701228168427085,3505.2705882352957,Cropland,40,0.9701228168427085,3,0.029877183157291508,107.9529411764706,0,1.0,cropland,A_23.97948_46.26791,A,1.0,3613.2235294117663,0.0,0,train,3613.2235294117663,0.0,0,"{""type"":""MultiPoint"",""coordinates"":[]}"
"1_1_1_2_582,10242",8.308615654300769E-4,3.0,46.2127830074668,24.293663030110828,0.899402757157085,3247.482352941176,Cropland,40,0.899402757157085,3,0.06025538403724867,217.56470588235294,0,1.0,cropland,A_24.29366_46.21278,A,1.0,3610.709803921568,0.0,0,train,3610.709803921568,0.039510997240236295,142.6627450980392,"{""type"":""MultiPoint"",""coordinates"":[]}"
"1_1_1_2_636,10242",0.01304771241617188,47.12941176470588,46.22053177411889,24.643381354085886,0.76113501418442,2749.2823529411726,Cropland,40,0.76113501418442,3,0.1983604047852471,716.4941176470588,0,1.0,cropland,A_24.64338_46.22053,A,1.0,3612.0823529411728,0.0,0,train,3612.0823529411728,0.027456868614161002,99.1764705882353,"{""type"":""MultiPoint"",""coordinates"":[]}"
"1_1_1_2_563,10249",0.016780913380219004,60.615686274509805,46.241263960721646,24.169031389993847,0.6350061773563519,2293.756862745097,Cropland,40,0.6350061773563519,3,0.2576326720268895,930.6156862745099,0,1.0,cropland,A_24.16903_46.24126,A,1.0,3612.1803921568617,0.0,0,train,3612.1803921568617,0.09058023723653957,327.1921568627451,"{""type"":""MultiPoint"",""coordinates"":[]}"
"1_1_1_2_593,10278",0.0,0,46.37627385876831,24.35711116334234,0.945911177382101,3425.611764705882,Cropland,40,0.945911177382101,3,0.04623051259311238,167.42352941176475,0,1.0,cropland,A_24.35711_46.37627,A,1.0,3621.4941176470584,0.0,0,train,3621.4941176470584,0.00785831002478665,28.458823529411767,"{""type"":""MultiPoint"",""coordinates"":[]}"
"1_1_1_2_649,10273",0.044468507880474496,161.04313725490198,46.3616255908415,24.721818340021724,0.8371473277855083,3031.7372549019624,Cropland,40,0.8371473277855083,3,0.09893068106141403,358.27843137254894,0,1.0,cropland,A_24.72182_46.36163,A,1.0,3621.50980392157,0.0,0,train,3621.50980392157,0.01945348327260323,70.45098039215686,"{""type"":""MultiPoint"",""coordinates"":[]}"
"1_1_1_2_680,10252",0.0,0,46.27102528216461,24.926742517949425,0.8319579903109623,3008.3372549019605,Cropland,40,0.8319579903109623,3,0.15502026412225497,560.5490196078432,0,1.0,cropland,A_24.92674_46.27103,A,1.0,3615.972549019608,0.0,0,train,3615.972549019608,0.013021745566782672,47.08627450980392,"{""type"":""MultiPoint"",""coordinates"":[]}"
"1_1_1_2_560,10247",0.007292841917118304,26.337254901960783,46.23179191873204,24.150064682930132,0.7326906308264823,2646.0274509803935,Cropland,40,0.7326906308264823,3,0.2100004017795576,758.3921568627451,0,1.0,cropland,A_24.15006_46.23179,A,1.0,3611.3843137254917,0.0,0,train,3611.3843137254917,0.050016125476841734,180.62745098039215,"{""type"":""MultiPoint"",""coordinates"":[]}"
"1_1_1_2_552,10287",0.0,0,46.4102524635585,24.088728621880303,0.5942127344521222,2152.8117647058807,Cropland,40,0.5942127344521222,3,0.39778277134098844,1441.1529411764707,0,1.0,cropland,A_24.08873_46.41025,A,1.0,3622.964705882351,0.0,0,train,3622.964705882351,0.008004494206889388,29.0,"{""type"":""MultiPoint"",""coordinates"":[]}"
"1_1_1_2_610,10272",0.0,0,46.35180112713052,24.4687726173535,0.8681980766022719,3143.074509803923,Cropland,40,0.8681980766022719,3,0.1150572274735202,416.5333333333333,0,1.0,cropland,A_24.46877_46.35180,A,1.0,3620.2274509803933,0.0,0,train,3620.2274509803933,0.016744695924207985,60.61960784313725,"{""type"":""MultiPoint"",""coordinates"":[]}"
"1_1_1_2_586,10238",0.0,0,46.19541331253585,24.32043803438617,0.7705154014212351,2781.309803921569,Cropland,40,0.7705154014212351,3,0.04332691992216992,156.3960784313725,0,1.0,cropland,A_24.32044_46.19541,A,1.0,3609.674509803922,0.0,0,train,3609.674509803922,0.18615767865659497,671.9686274509804,"{""type"":""MultiPoint"",""coordinates"":[]}"
"1_1_1_2_612,10270",0.0,0,46.343096902137084,24.482170258916497,0.6292315726293118,2277.5764705882366,Cropland,40,0.6292315726293118,3,0.2903525669500174,1050.964705882353,0,1.0,cropland,A_24.48217_46.34310,A,1.0,3619.615686274511,0.0,0,train,3619.615686274511,0.0804158604206708,291.0745098039216,"{""type"":""MultiPoint"",""coordinates"":[]}"
"1_1_1_2_584,10270",0.0,0,46.338948042914076,24.30043512601282,0.5356526337576547,1938.4470588235295,Cropland,40,0.5356526337576547,3,0.36217757342542906,1310.6666666666663,0,1.0,cropland,A_24.30044_46.33895,A,1.0,3618.8509803921565,0.0,0,train,3618.8509803921565,0.10216979281691622,369.7372549019608,"{""type"":""MultiPoint"",""coordinates"":[]}"
"1_1_1_2_594,10262",0.0,0,46.30450165030282,24.36706280695121,0.7998148150155965,2892.8862745098027,Cropland,40,0.7998148150155965,3,0.1827162126851715,660.8745098039216,0,1.0,cropland,A_24.36706_46.30450,A,1.0,3616.9450980392144,0.0,0,train,3616.9450980392144,0.017468972299232048,63.184313725490185,"{""type"":""MultiPoint"",""coordinates"":[]}"
"1_1_1_2_587,10257",0.0,0,46.280971330897124,24.322757556357562,0.969528400745464,3504.9098039215673,Cropland,40,0.969528400745464,3,0.016873824364695908,61.0,0,1.0,cropland,A_24.32276_46.28097,A,1.0,3615.0666666666652,0.0,0,train,3615.0666666666652,0.01359777488984013,49.15686274509804,"{""type"":""MultiPoint"",""coordinates"":[]}"
"1_1_1_2_527,10254",0.0,0,46.25771527904554,23.93462311988486,0.996012662212891,3598.0117647058805,Cropland,40,0.996012662212891,3,0.003987337787108949,14.403921568627451,0,1.0,cropland,A_23.93462_46.25772,A,1.0,3612.415686274508,0.0,0,train,3612.415686274508,0.0,0,"{""type"":""MultiPoint"",""coordinates"":[]}"
"1_1_1_2_579,10286",0.007236275320469803,26.219607843137247,46.41009277235279,24.264395413576178,0.7249782457173286,2626.854901960785,Cropland,40,0.7249782457173286,3,0.0827247184930884,299.74117647058824,0,1.0,cropland,A_24.26440_46.41009,A,1.0,3623.3568627450986,0.0,0,train,3623.3568627450986,0.18506076046911324,670.5411764705883,"{""type"":""MultiPoint"",""coordinates"":[]}"
"1_1_1_2_609,10267",0.0,0,46.32917971624918,24.463320827995833,0.7152347161926971,2588.235294117647,Cropland,40,0.7152347161926971,3,0.12460364076144322,450.9058823529412,0,1.0,cropland,A_24.46332_46.32918,A,1.0,3618.7215686274512,8.290220574051718E-4,3.0,train,3618.7215686274512,0.15933262098845444,576.580392156863,"{""type"":""MultiPoint"",""coordinates"":[]}"
"1_1_1_2_634,10275",0.001380552935813493,5.0,46.36863433018137,24.624014705125216,0.8945777294614327,3239.925490196076,Cropland,40,0.8945777294614327,3,0.08742743976187363,316.63921568627455,0,1.0,cropland,A_24.62401_46.36863,A,1.0,3621.7372549019587,0.0,0,train,3621.7372549019587,0.016614277840880185,60.17254901960784,"{""type"":""MultiPoint"",""coordinates"":[]}"
"1_1_1_2_538,10262",0.0,0,46.29555583001768,24.003925756626455,0.6023995096842779,2177.745098039215,Cropland,40,0.6023995096842779,3,0.39732387414506615,1436.3725490196073,1.0,1.0,cropland,A_24.00393_46.29556,A,0.9997233838293441,3614.1176470588225,0.0,0,train,3615.1176470588225,0.0,0,"{""type"":""MultiPoint"",""coordinates"":[]}"
"1_1_1_2_622,10286",0.0,0,46.416440483054686,24.543859817529356,0.5383738178418912,1951.3686274509787,Cropland,40,0.5383738178418912,3,0.4330888502514977,1569.7568627450971,0,1.0,cropland,A_24.54386_46.41644,A,1.0,3624.560784313723,0.0,0,train,3624.560784313723,0.028537331906611015,103.43529411764706,"{""type"":""MultiPoint"",""coordinates"":[]}"
"1_1_1_2_588,10246",0.0,0,46.23167719790264,24.331641814994306,0.8501222552289626,3070.521568627451,Cropland,40,0.8501222552289626,3,0.0804267858383712,290.4901960784314,0,1.0,cropland,A_24.33164_46.23168,A,1.0,3611.858823529412,0.0,0,train,3611.858823529412,0.06945095893266624,250.8470588235294,"{""type"":""MultiPoint"",""coordinates"":[]}"
"1_1_2_569,10260",0.15165444466257613,548.3176470588235,46.29166117262658,24.205384469745134,0.5445529197773034,1968.870588235295,Cropland,40,0.5445529197773034,3,0.237086632876739,857.2039215686273,0,1.0,urban_mixed,A_24.20538_46.29166,A,1.0,3615.5725490196082,0.0,0,train,3615.5725490196082,0.06670600268338159,241.18039215686278,"{""type"":""MultiPoint"",""coordinates"":[]}"
"1_1_2_632,10271",0.1527846528620991,553.1529411764706,46.35037965389818,24.611808990037783,0.04052225848415494,146.70980392156864,Tree cover,10,0.5573974162199516,0,0.24929567243379433,902.5686274509804,0,1.0,urban_mixed,A_24.61181_46.35038,A,1.0,3620.474509803921,0.0,0,train,3620.474509803921,0.5573974162199516,2018.0431372549017,"{""type"":""MultiPoint"",""coordinates"":[]}"
"1_1_2_564,10250",0.22371814913240595,808.1647058823529,46.2459188054519,24.175278137327982,0.5140039601896721,1856.7999999999981,Cropland,40,0.5140039601896721,3,0.08231831761415949,297.36862745098045,0,1.0,urban_mixed,A_24.17528_46.24592,A,1.0,3612.4235294117625,0.0,0,train,3612.4235294117625,0.17995957306376265,650.0901960784314,"{""type"":""MultiPoint"",""coordinates"":[]}"
"1_1_2_650,10264",0.29380212797543265,1063.2745098039215,46.32128759467836,24.729989235776937,0.016026457199390155,58.0,Tree cover,10,0.4698049193313313,0,0.22036649549384577,797.5098039215687,0,1.0,urban_mixed,A_24.72999_46.32129,A,1.0,3619.015686274509,0.0,0,train,3619.015686274509,0.4698049193313313,1700.2313725490183,"{""type"":""MultiPoint"",""coordinates"":[]}"
"1_1_2_608,10255",0.1220097432498544,441.0862745098039,46.27508948883526,24.459329595457213,0.09943495225460453,359.47450980392153,Tree cover,10,0.518301407249837,0,0.26025389724570414,940.862745098039,0,1.0,urban_mixed,A_24.45933_46.27509,A,1.0,3615.172549019607,0.0,0,train,3615.172549019607,0.518301407249837,1873.7490196078425,"{""type"":""MultiPoint"",""coordinates"":[]}"
"1_1_2_564,10251",0.17591634744078358,635.5333333333333,46.25041330490422,24.175047230828476,0.7104345343607902,2566.588235294117,Cropland,40,0.7104345343607902,3,0.03532525218754309,127.61960784313726,0,1.0,urban_mixed,A_24.17505_46.25041,A,1.0,3612.701960784313,0.0,0,train,3612.701960784313,0.07832386601088318,282.96078431372547,"{""type"":""MultiPoint"",""coordinates"":[]}"
"1_1_2_573,10272",0.08277864041270674,299.5882352941177,46.3462284650588,24.22859583605535,0.0039625824725344405,14.341176470588236,Tree cover,10,0.8205937263986874,0,0.09266505071607131,335.3686274509804,0,1.0,urban_mixed,A_24.22860_46.34623,A,1.0,3619.1490196078416,0.0,0,train,3619.1490196078416,0.8205937263986874,2969.850980392155,"{""type"":""MultiPoint"",""coordinates"":[]}"
"1_1_2_638,10251",0.06102312017696791,220.58039215686273,46.26126411667787,24.654611983028577,0.23564766547075183,851.7960784313726,Tree cover,10,0.49180416794593745,0,0.2115250464063427,764.5999999999999,0,1.0,urban_mixed,A_24.65461_46.26126,A,1.0,3614.7019607843135,0.0,0,train,3614.7019607843135,0.49180416794593745,1777.725490196078,"{""type"":""MultiPoint"",""coordinates"":[]}"
"1_1_2_581,10267",0.4757990738894041,1721.3999999999987,46.32500189820708,24.28163457207026,0.08201129889612474,296.7098039215686,Built-up,50,0.4757990738894041,4,0.18866793558848788,682.5843137254903,0,1.0,urban_mixed,A_24.28163_46.32500,A,1.0,3617.9137254901952,0.0,0,train,3617.9137254901952,0.25352169162598326,917.2196078431375,"{""type"":""MultiPoint"",""coordinates"":[]}"
"1_1_2_631,10244",0.3659673229504656,1322.070588235294,46.228851355379526,24.61060378871464,0.4197332383844063,1516.3019607843132,Cropland,40,0.4197332383844063,3,0.17385097867231442,628.0431372549019,0,1.0,urban_mixed,A_24.61060_46.22885,A,1.0,3612.5372549019603,0.0,0,train,3612.5372549019603,0.04044845999281371,146.121568627451,"{""type"":""MultiPoint"",""coordinates"":[]}"
"1_1_2_647,10283",0.05852731169951125,212.12156862745098,46.406328573761236,24.706946511772514,0.8377279401342349,3036.1921568627454,Cropland,40,0.8377279401342349,3,0.02384870823554616,86.43529411764705,0,1.0,urban_mixed,A_24.70695_46.40633,A,1.0,3624.3176470588237,0.0,0,train,3624.3176470588237,0.07989603993070771,289.5686274509804,"{""type"":""MultiPoint"",""coordinates"":[]}"
"1_1_2_619,10245",0.10525813003496595,380.24313725490197,46.23169507848138,24.532664931191725,0.1264059367139863,456.63921568627455,Tree cover,10,0.475574342991566,0,0.2927615902594818,1057.596078431373,0,1.0,urban_mixed,A_24.53266_46.23170,A,1.0,3612.482352941175,0.0,0,train,3612.482352941175,0.475574342991566,1718.0039215686256,"{""type"":""MultiPoint"",""coordinates"":[]}"
"1_1_2_575,10287",0.15416208073193147,558.6235294117647,46.413962221690745,24.238176579079372,0.3696322919067855,1339.4039215686264,Cropland,40,0.3696322919067855,3,0.17332831180243746,628.0745098039216,0,1.0,urban_mixed,A_24.23818_46.41396,A,1.0,3623.6117647058813,0.0,0,train,3623.6117647058813,0.30287731555884573,1097.509803921569,"{""type"":""MultiPoint"",""coordinates"":[]}"
"1_1_2_632,10242",0.08038278343139248,290.33725490196076,46.21999444930714,24.617471460973096,0.4922267472854146,1777.8901960784312,Cropland,40,0.4922267472854146,3,0.41671778624885036,1505.156862745097,29.0,1.0,urban_mixed,A_24.61747_46.21999,A,0.9919710588973587,3582.933333333332,0.0,0,train,3611.933333333332,0.002643741931701344,9.549019607843137,"{""type"":""MultiPoint"",""coordinates"":[]}"
"1_1_2_622,10241",0.10488417751484436,378.7725490196078,46.214129579566546,24.552899829800516,0.8168590887965146,2949.956862745096,Cropland,40,0.8168590887965146,3,0.054293011558358674,196.07058823529414,6.0,1.0,urban_mixed,A_24.55290_46.21413,A,0.9983385673890098,3605.341176470586,0.0,0,train,3611.341176470586,0.022302289519292175,80.54117647058823,"{""type"":""MultiPoint"",""coordinates"":[]}"
"1_1_2_581,10271",0.08887995544353838,321.66666666666674,46.34298123858493,24.28074292068134,0.021648675767222837,78.34901960784315,Grassland,30,0.5337695069966215,2,0.5337695069966215,1931.7725490196076,0,1.0,urban_mixed,A_24.28074_46.34298,A,1.0,3619.113725490195,0.0,0,train,3619.113725490195,0.3557018617926172,1287.3254901960772,"{""type"":""MultiPoint"",""coordinates"":[]}"
"1_1_2_680,10282",0.21010460764829167,761.5764705882353,46.40593369637854,24.921635105675588,0.037962330860500444,137.60392156862747,Tree cover,10,0.6314984891448873,0,0.12043457234632074,436.5450980392157,0,1.0,urban_mixed,A_24.92164_46.40593,A,1.0,3624.749019607841,0.0,0,train,3624.749019607841,0.6314984891448873,2289.023529411763,"{""type"":""MultiPoint"",""coordinates"":[]}"
"1_1_2_651,10279",0.1942094331842274,703.6862745098041,46.38886187557028,24.733691252116593,0.45329460112062203,1642.4392156862737,Cropland,40,0.45329460112062203,3,0.1731065824919287,627.2235294117646,0,1.0,urban_mixed,A_24.73369_46.38886,A,1.0,3623.33725490196,0.0,0,train,3623.33725490196,0.17938938320322187,649.9882352941177,"{""type"":""MultiPoint"",""coordinates"":[]}"
"1_1_2_585,10268",0.46924699297910194,1697.8901960784303,46.33011132253293,24.307366551344376,0.33474228167261677,1211.2078431372545,Built-up,50,0.46924699297910194,4,0.09798693796508846,354.54901960784315,21.0,1.0,urban_mixed,A_24.30737_46.33011,A,0.994196216648567,3597.3294117647047,0.0,0,train,3618.3294117647047,0.09222000403175988,333.6823529411764,"{""type"":""MultiPoint"",""coordinates"":[]}"
"1_1_2_637,10267",0.2109198428537687,763.4156862745098,46.33306905819961,24.645046009296024,0.03217900628628266,116.47058823529414,Tree cover,10,0.429297197501089,0,0.32760395335885967,1185.749019607842,0,1.0,urban_mixed,A_24.64505_46.33307,A,1.0,3619.4588235294104,0.0,0,train,3619.4588235294104,0.429297197501089,1553.8235294117646,"{""type"":""MultiPoint"",""coordinates"":[]}"
"1_1_2_630,10258",0.1569650311737599,567.6901960784314,46.29166000992313,24.60138059606982,0.1876291677961508,678.5921568627451,Tree cover,10,0.5508528056383843,0,0.1045529953917051,378.13333333333327,0,1.0,urban_mixed,A_24.60138_46.29166,A,1.0,3616.666666666665,0.0,0,train,3616.666666666665,0.5508528056383843,1992.2509803921557,"{""type"":""MultiPoint"",""coordinates"":[]}"
"1_1_2_584,10258",0.08411375119042197,304.1098039215686,46.2850088956317,24.303087815925725,0.5652058372435576,2043.4784313725484,Cropland,40,0.5652058372435576,3,0.2380171420761827,860.5411764705881,0,1.0,urban_mixed,A_24.30309_46.28501,A,1.0,3615.458823529411,0.0,0,train,3615.458823529411,0.11266326948983778,407.32941176470587,"{""type"":""MultiPoint"",""coordinates"":[]}"
"1_1_2_544,10284",0.09147094777713657,331.2901960784314,46.395434904969456,24.037484191613473,0.23769409925278362,860.8823529411766,Tree cover,10,0.4500482372036063,0,0.2207867157664735,799.6470588235293,0,1.0,urban_mixed,A_24.03748_46.39543,A,1.0,3621.8078431372537,0.0,0,train,3621.8078431372537,0.4500482372036063,1629.9882352941165,"{""type"":""MultiPoint"",""coordinates"":[]}"
"1_1_2_585,10267",0.2040280997952458,738.1568627450981,46.325616385106365,24.307587263286067,0.3698932004001869,1338.2431372549013,Grassland,30,0.4079174565804834,2,0.4079174565804834,1475.8117647058814,15.596078431372549,1.0,urban_mixed,A_24.30759_46.32562,A,0.9956892113218632,3602.321568627449,0.0,0,train,3617.9176470588213,0.013850454545947249,50.10980392156863,"{""type"":""MultiPoint"",""coordinates"":[]}"
"1_1_2_661,10243",0.37428456993874903,1352.2666666666642,46.22825379028179,24.805155212298644,0.025738658133787205,92.9921568627451,Tree cover,10,0.44194121560969923,0,0.13115611761219764,473.8588235294118,97.11372549019607,1.0,urban_mixed,A_24.80516_46.22825,A,0.9731205612944333,3515.8235294117626,0.0,0,train,3612.9372549019586,0.44194121560969923,1596.7058823529414,"{""type"":""MultiPoint"",""coordinates"":[]}"
"1_1_2_652,10243",0.059334673567570384,214.35686274509806,46.22711890477845,24.746844143502884,0.4531942008093509,1637.243137254902,Cropland,40,0.4531942008093509,3,0.37732731819997567,1363.1607843137256,0,1.0,urban_mixed,A_24.74684_46.22712,A,1.0,3612.674509803922,0.0,0,train,3612.674509803922,0.11014380742310297,397.9137254901961,"{""type"":""MultiPoint"",""coordinates"":[]}"
"1_1_2_571,10262",0.10529854541865978,380.7764705882353,46.30096688412361,24.217896441768506,0.6794509614248022,2457.0039215686284,Cropland,40,0.6794509614248022,3,0.03401397430489056,123.0,0,1.0,urban_mixed,A_24.21790_46.30097,A,1.0,3616.1607843137267,0.0,0,train,3616.1607843137267,0.18123651885164738,655.3803921568627,"{""type"":""MultiPoint"",""coordinates"":[]}"
"1_1_2_536,10248",0.18403750667900387,664.5529411764707,46.23230243771915,23.99440304631648,0.6066566318706857,2190.6156862745092,Cropland,40,0.6066566318706857,3,0.021628026186039043,78.09803921568628,0,1.0,urban_mixed,A_23.99440_46.23230,A,1.0,3610.964705882352,0.0,0,train,3610.964705882352,0.18767783526427134,677.6980392156861,"{""type"":""MultiPoint"",""coordinates"":[]}"
"1_1_2_646,10243",0.2786852503147931,1006.807843137255,46.22634580462287,24.707972067430614,0.6861729842386348,2478.9411764705883,Cropland,40,0.6861729842386348,3,0.014012635143936433,50.62352941176471,0,1.0,urban_mixed,A_24.70797_46.22635,A,1.0,3612.7058823529414,0.0,0,train,3612.7058823529414,0.021129130302635576,76.33333333333333,"{""type"":""MultiPoint"",""coordinates"":[]}"
"1_1_2_611,10275",0.07545420677346415,273.2235294117647,46.36543128308816,24.47464320726213,0.4236263331629422,1533.9725490196051,Cropland,40,0.4236263331629422,3,0.29046923870006347,1051.8039215686274,0,1.0,urban_mixed,A_24.47464_46.36543,A,1.0,3621.050980392154,0.0,0,train,3621.050980392154,0.21045022136353017,762.0509803921568,"{""type"":""MultiPoint"",""coordinates"":[]}"
"1_2_1_1_1_659,10266",0.0,0,46.33142594391423,24.788036964999566,0.0,0,Tree cover,10,0.7104057740518687,0,0.2895942259481314,1048.2470588235294,0,1.0,tree,A_24.78804_46.33143,A,1.0,3619.70980392157,0.0,0,valid,3619.70980392157,0.7104057740518687,2571.4627450980406,"{""type"":""MultiPoint"",""coordinates"":[]}"
"1_2_1_1_1_658,10271",0.00733714251059147,26.568627450980394,46.35378273925833,24.780635670469543,0.011213103107699495,40.603921568627456,Tree cover,10,0.5824857264150127,0,0.3989640279666963,1444.6941176470598,0,1.0,tree,A_24.78064_46.35378,A,1.0,3621.1137254901996,0.0,0,valid,3621.1137254901996,0.5824857264150127,2109.247058823532,"{""type"":""MultiPoint"",""coordinates"":[]}"
"1_2_1_1_1_608,10242",0.0,0,46.216647309218104,24.46202797245888,0.21930497066942342,791.9764705882352,Tree cover,10,0.5382144509285663,0,0.24248057840201023,875.6705882352941,0,1.0,tree,A_24.46203_46.21665,A,1.0,3611.301960784314,0.0,0,valid,3611.301960784314,0.5382144509285663,1943.6549019607844,"{""type"":""MultiPoint"",""coordinates"":[]}"
"1_2_1_1_1_652,10273",0.0,0,46.3620122962592,24.741302282491098,0.0,0,Tree cover,10,0.9998310735815324,0,1.6892641846755595E-4,0.611764705882353,0,1.0,tree,A_24.74130_46.36201,A,1.0,3621.4862745098017,0.0,0,valid,3621.4862745098017,0.9998310735815324,3620.8745098039194,"{""type"":""MultiPoint"",""coordinates"":[]}"
"1_2_1_1_1_575,10283",0.0,0,46.3959837455504,24.239084422312978,0.2637333134138988,955.3568627450982,Tree cover,10,0.7347900502424433,0,0.0014766363436578794,5.349019607843138,0,1.0,tree,A_24.23908_46.39598,A,1.0,3622.4352941176476,0.0,0,valid,3622.4352941176476,0.7347900502424433,2661.729411764706,"{""type"":""MultiPoint"",""coordinates"":[]}"
"1_2_1_1_1_662,10235",0.0,0,46.19240428563835,24.81306335819789,0.0,0,Tree cover,10,1.0,0,0.0,0,0,1.0,tree,A_24.81306_46.19240,A,1.0,3610.6549019607833,0.0,0,valid,3610.6549019607833,1.0,3610.6549019607833,"{""type"":""MultiPoint"",""coordinates"":[]}"
"1_2_1_1_1_551,10261",0.0,0,46.29324107755526,24.088448273677685,0.0,0,Tree cover,10,0.8361460028202625,0,0.16302418917453088,589.3803921568629,0,1.0,tree,A_24.08845_46.29324,A,1.0,3615.294117647059,8.298080052066384E-4,3.0,valid,3615.294117647059,0.8361460028202625,3022.913725490196,"{""type"":""MultiPoint"",""coordinates"":[]}"
"1_2_1_1_1_642,10255",0.0,0,46.279778440666774,24.679782792617626,0.0015204754468158938,5.4980392156862745,Tree cover,10,0.9576641939961826,0,0.04081533055700155,147.58823529411768,0,1.0,tree,A_24.67978_46.27978,A,1.0,3616.000000000002,0.0,0,valid,3616.000000000002,0.9576641939961826,3462.913725490198,"{""type"":""MultiPoint"",""coordinates"":[]}"
"1_2_1_1_2_675,10249",0.0027661226986943907,10.0,46.25694172637574,24.89483593256284,0.05954865555589305,215.27843137254902,Grassland,30,0.5380976452160179,2,0.5380976452160179,1945.3137254901953,1.0,1.0,grassland,A_24.89484_46.25694,A,0.9997233877301306,3614.1686274509793,0.0,0,valid,3615.1686274509793,0.39931096425952517,1443.5764705882348,"{""type"":""MultiPoint"",""coordinates"":[]}"
"1_2_1_1_2_580,10270",0.016272391334973282,58.88627450980392,46.3383317967063,24.274476282201352,0.02175792975649931,78.7372549019608,Grassland,30,0.8313256537240324,2,0.8313256537240324,3008.388235294118,0,1.0,grassland,A_24.27448_46.33833,A,1.0,3618.7843137254913,0.0,0,valid,3618.7843137254913,0.1306440251844948,472.7725490196078,"{""type"":""MultiPoint"",""coordinates"":[]}"
"1_2_1_1_2_565,10264",0.0,0,46.30900174318548,24.178526011298917,0.0,0,Grassland,30,0.6177514112776431,2,0.6177514112776431,2234.1137254901964,0,1.0,grassland,A_24.17853_46.30900,A,1.0,3616.525490196077,0.0,0,valid,3616.525490196077,0.38224858872235695,1382.4117647058806,"{""type"":""MultiPoint"",""coordinates"":[]}"
"1_2_1_1_2_665,10281",0.0,0,46.39962267389033,24.824308101183163,0.0,0,Grassland,30,0.5171476150234641,2,0.5171476150234641,1874.266666666666,0,1.0,grassland,A_24.82431_46.39962,A,1.0,3624.239215686273,0.0,0,valid,3624.239215686273,0.48285238497653593,1749.972549019607,"{""type"":""MultiPoint"",""coordinates"":[]}"
"1_2_1_1_2_529,10270",0.0,0,46.3299588428303,23.943578631058692,0.07106252283447835,257.0509803921568,Grassland,30,0.9289374771655217,2,0.9289374771655217,3360.2,0,1.0,grassland,A_23.94358_46.32996,A,1.0,3617.2509803921566,0.0,0,valid,3617.2509803921566,0.0,0,"{""type"":""MultiPoint"",""coordinates"":[]}"
"1_2_1_1_2_672,10254",0.0,0,46.27906611419204,24.87451796298149,0.038771424915471496,140.21176470588236,Grassland,30,0.8867968517871899,2,0.8867968517871899,3206.9843137254898,0,1.0,grassland,A_24.87452_46.27907,A,1.0,3616.3686274509796,0.0,0,valid,3616.3686274509796,0.0744317232973387,269.17254901960786,"{""type"":""MultiPoint"",""coordinates"":[]}"
"1_2_1_1_2_633,10241",0.0,0,46.215633205136356,24.624142896927733,0.01218241042345277,44.0,Grassland,30,0.6098773072747015,2,0.6098773072747015,2202.733333333333,0,1.0,grassland,A_24.62414_46.21563,A,1.0,3611.7647058823522,0.0,0,valid,3611.7647058823522,0.37794028230184584,1365.0313725490194,"{""type"":""MultiPoint"",""coordinates"":[]}"
"1_2_1_2_594,10259",0.0,0,46.291016109566314,24.367709540784247,0.799069940960338,2889.4745098039216,Cropland,40,0.799069940960338,3,0.09188237182406962,332.25098039215686,0,1.0,cropland,A_24.36771_46.29102,A,1.0,3616.0470588235294,0.0,0,valid,3616.0470588235294,0.10904768721559238,394.32156862745103,"{""type"":""MultiPoint"",""coordinates"":[]}"
"1_2_1_2_682,10245",0.0010503745757267982,3.796078431372549,46.239780417507916,24.940891171347904,0.786230327178659,2841.4549019607844,Cropland,40,0.786230327178659,3,0.20696176983775622,747.9647058823531,0,1.0,cropland,A_24.94089_46.23978,A,1.0,3614.023529411765,0.0,0,valid,3614.023529411765,0.005757528407857841,20.807843137254896,"{""type"":""MultiPoint"",""coordinates"":[]}"
"1_2_1_2_559,10269",0.0,0,46.33050565076169,24.13844115283771,0.8924637005642062,3228.741176470587,Cropland,40,0.8924637005642062,3,0.10753629943579379,389.0431372549019,0,1.0,cropland,A_24.13844_46.33051,A,1.0,3617.784313725489,0.0,0,valid,3617.784313725489,0.0,0,"{""type"":""MultiPoint"",""coordinates"":[]}"
"1_2_1_2_598,10274",0.00880377799922014,31.87450980392157,46.35903943456724,24.39044150070039,0.8057254884970322,2917.16862745098,Cropland,40,0.8057254884970322,3,0.1853613361639444,671.1098039215686,0,1.0,cropland,A_24.39044_46.35904,A,1.0,3620.5490196078426,0.0,0,valid,3620.5490196078426,1.0939733980330143E-4,0.396078431372549,"{""type"":""MultiPoint"",""coordinates"":[]}"
"1_2_1_2_604,10236",0.0,0,46.189095909086426,24.437378680279117,0.8345742536822903,3012.38431372549,Cropland,40,0.8345742536822903,3,0.001350471904643429,4.874509803921569,0,1.0,cropland,A_24.43738_46.18910,A,1.0,3609.4862745098035,0.0,0,valid,3609.4862745098035,0.16407527441306624,592.2274509803922,"{""type"":""MultiPoint"",""coordinates"":[]}"
"1_2_1_2_572,10245",0.0,0,46.22471497736113,24.228237726693553,0.9625362296020146,3475.9372549019613,Cropland,40,0.9625362296020146,3,2.7691415552584905E-4,1.0,0,1.0,cropland,A_24.22824_46.22471,A,1.0,3611.227450980393,0.0,0,valid,3611.227450980393,0.03718685624245951,134.29019607843136,"{""type"":""MultiPoint"",""coordinates"":[]}"
"1_2_1_2_576,10264",0.0,0,46.31074132744234,24.249871034828637,0.6599277900055297,2386.8941176470594,Cropland,40,0.6599277900055297,3,0.25806073879715064,933.3803921568629,0,1.0,cropland,A_24.24987_46.31074,A,1.0,3616.9019607843143,0.0,0,valid,3616.9019607843143,0.08201147119731976,296.62745098039215,"{""type"":""MultiPoint"",""coordinates"":[]}"
"1_2_1_2_638,10271",0.0,0,46.35118708643693,24.65076626630948,0.6965357237244005,2521.874509803924,Cropland,40,0.6965357237244005,3,0.2514698045604016,910.4705882352941,0,1.0,cropland,A_24.65077_46.35119,A,1.0,3620.5960784313747,0.0,0,valid,3620.5960784313747,0.05199447171519799,188.2509803921569,"{""type"":""MultiPoint"",""coordinates"":[]}"
"1_2_2_571,10238",0.08775551670522118,316.72549019607845,46.193094678509866,24.223348871610746,0.09698905079747609,350.0509803921568,Grassland,30,0.6380711062530087,2,0.6380711062530087,2302.913725490198,0,1.0,urban_mixed,A_24.22335_46.19309,A,1.0,3609.1803921568644,0.0,0,valid,3609.1803921568644,0.17718432624429414,639.4901960784314,"{""type"":""MultiPoint"",""coordinates"":[]}"
"1_2_2_603,10277",0.061646149714553046,223.2470588235294,46.3732621323902,24.422270779301037,0.1463034834059585,529.8274509803922,Grassland,30,0.47075251444560917,2,0.47075251444560917,1704.796078431372,82.0,1.0,urban_mixed,A_24.42227_46.37326,A,0.9773569949667773,3539.427450980391,0.0,0,valid,3621.427450980391,0.2986548474006566,1081.5568627450975,"{""type"":""MultiPoint"",""coordinates"":[]}"
"1_2_2_647,10243",0.06835543349055836,246.9333333333334,46.226475571846166,24.71445063569428,0.7136188713450609,2577.9411764705883,Cropland,40,0.7136188713450609,3,0.07473743059211775,269.98823529411766,0,1.0,urban_mixed,A_24.71445_46.22648,A,1.0,3612.490196078432,0.0,0,valid,3612.490196078432,0.1432882645722629,517.6274509803923,"{""type"":""MultiPoint"",""coordinates"":[]}"
"1_2_2_609,10280",0.23235857359520826,841.7294117647059,46.38762079939626,24.460613210805928,0.21634015300693155,783.7019607843137,Tree cover,10,0.45715232168045655,0,0.09414895171740377,341.05882352941177,0,1.0,urban_mixed,A_24.46061_46.38762,A,1.0,3622.545098039215,0.0,0,valid,3622.545098039215,0.45715232168045655,1656.0549019607843,"{""type"":""MultiPoint"",""coordinates"":[]}"
"1_2_2_545,10284",0.18768488161080343,679.7607843137256,46.395603125037084,24.043979254126338,0.1793660211961489,649.6313725490197,Tree cover,10,0.4672616082913581,0,0.1620981328852143,587.0901960784315,13.0,1.0,urban_mixed,A_24.04398_46.39560,A,0.9964106439835247,3608.8196078431365,0.0,0,valid,3621.8196078431365,0.4672616082913581,1692.3372549019598,"{""type"":""MultiPoint"",""coordinates"":[]}"
"1_2_2_678,10246",0.1016470429941265,367.36078431372556,46.24380737018639,24.914796543187755,0.8066604383072317,2915.33725490196,Cropland,40,0.8066604383072317,3,0.02592690249796277,93.70196078431374,0,1.0,urban_mixed,A_24.91480_46.24381,A,1.0,3614.082352941176,0.0,0,valid,3614.082352941176,0.06576561620067906,237.68235294117648,"{""type"":""MultiPoint"",""coordinates"":[]}"
"1_2_2_666,10244",0.854532115348926,3087.7529411764704,46.23336821961635,24.837375059698402,0.021126248490090767,76.33725490196079,Built-up,50,0.854532115348926,4,0.09732443540518748,351.67058823529413,4.0,1.0,urban_mixed,A_24.83738_46.23337,A,0.998893004548449,3609.38431372549,0.0,0,valid,3613.38431372549,0.02591020530424468,93.62352941176471,"{""type"":""MultiPoint"",""coordinates"":[]}"
"2_1_1_1_560,10204",0.001022071514496417,3.6784313725490194,46.03852796915701,24.160024993153055,0.0,0,Tree cover,10,0.7152092522533517,0,0.28376867623215185,1021.2823529411766,0,1.0,tree,B_24.16002_46.03853,B,1.0,3598.9960784313735,0.0,0,test,3598.9960784313735,0.7152092522533517,2574.035294117648,"{""type"":""MultiPoint"",""coordinates"":[]}"
"2_1_1_1_562,10214",0.0,0,46.08379456656541,24.17063587403256,0.0,0,Tree cover,10,1.0,0,0.0,0,0,1.0,tree,B_24.17064_46.08379,B,1.0,3601.866666666665,0.0,0,test,3601.866666666665,1.0,3601.866666666665,"{""type"":""MultiPoint"",""coordinates"":[]}"
"2_1_1_1_638,10215",0.007287785940600955,26.26666666666667,46.09939857080387,24.661488213572294,0.15944887886912015,574.6862745098039,Tree cover,10,0.5190442098116362,0,0.31421912537864255,1132.5098039215677,0,1.0,tree,B_24.66149_46.09940,B,1.0,3604.2039215686273,0.0,0,test,3604.2039215686273,0.5190442098116362,1870.7411764705887,"{""type"":""MultiPoint"",""coordinates"":[]}"
"2_1_1_1_635,10210",0.0,0,46.07651856826558,24.64305630666395,0.0,0,Tree cover,10,0.7834728591378971,0,0.21652714086210295,780.0980392156862,0,1.0,tree,B_24.64306_46.07652,B,1.0,3602.772549019607,0.0,0,test,3602.772549019607,0.7834728591378971,2822.674509803921,"{""type"":""MultiPoint"",""coordinates"":[]}"
"2_1_1_1_601,10207",0.0,0,46.058288905008965,24.42404769719944,0.0,0,Tree cover,10,1.0,0,0.0,0,0,1.0,tree,B_24.42405_46.05829,B,1.0,3600.9803921568614,0.0,0,test,3600.9803921568614,1.0,3600.9803921568614,"{""type"":""MultiPoint"",""coordinates"":[]}"
"2_1_1_1_574,10204",0.0,0,46.04073920096379,24.25038337061706,0.009446265783271934,34.0,Tree cover,10,0.9117618538650699,0,0.07879188035165817,283.5960784313725,0,1.0,tree,B_24.25038_46.04074,B,1.0,3599.3058823529427,0.0,0,test,3599.3058823529427,0.9117618538650699,3281.7098039215703,"{""type"":""MultiPoint"",""coordinates"":[]}"
"2_1_1_1_550,10199",0.0,0,46.014433016482585,24.096667505709735,0.0,0,Tree cover,10,1.0,0,0.0,0,0,1.0,tree,B_24.09667_46.01443,B,1.0,3597.1960784313724,0.0,0,test,3597.1960784313724,1.0,3597.1960784313724,"{""type"":""MultiPoint"",""coordinates"":[]}"
"2_1_1_1_615,10209",0.0,0,46.06928378047904,24.51405371587208,8.328579329445936E-4,3.0,Tree cover,10,0.9764655033510283,0,0.02270163871602702,81.77254901960785,0,1.0,tree,B_24.51405_46.06928,B,1.0,3602.0549019607847,0.0,0,test,3602.0549019607847,0.9764655033510283,3517.2823529411767,"{""type"":""MultiPoint"",""coordinates"":[]}"
"2_1_1_2_634,10216",0.0,0,46.10336268124014,24.635442467752053,6.941308948087057E-4,2.5019607843137255,Grassland,30,0.6783464888182912,2,0.6783464888182912,2445.066666666668,0,1.0,grassland,B_24.63544_46.10336,B,1.0,3604.4509803921583,0.0,0,test,3604.4509803921583,0.3209593802869001,1156.8823529411766,"{""type"":""MultiPoint"",""coordinates"":[]}"
"2_1_1_2_611,10205",0.017290802634788972,62.25882352941176,46.05073539184501,24.489032995659276,0.1240764297912383,446.7607843137255,Grassland,30,0.756435585334402,2,0.756435585334402,2723.6901960784307,1.0,1.0,grassland,B_24.48903_46.05074,B,0.9997222754678842,3599.6901960784307,0.0,0,test,3600.6901960784307,0.10191945770745481,366.98039215686276,"{""type"":""MultiPoint"",""coordinates"":[]}"
"2_1_1_2_621,10201",0.029475592431518507,106.10196078431372,46.03415246083555,24.554399010679905,0.12255205292010572,441.1450980392157,Grassland,30,0.5153881853598168,2,0.5153881853598168,1855.2196078431366,0,1.0,grassland,B_24.55440_46.03415,B,1.0,3599.654901960782,0.0,0,test,3599.654901960782,0.332584169288559,1197.1882352941159,"{""type"":""MultiPoint"",""coordinates"":[]}"
"2_1_1_2_612,10216",0.0013873579590277835,5.0,46.10033098797114,24.493250337999342,0.03948583969976486,142.30588235294115,Grassland,30,0.6415534927144665,2,0.6415534927144665,2312.1411764705877,0,1.0,grassland,B_24.49325_46.10033,B,1.0,3603.972549019607,0.0,0,test,3603.972549019607,0.3175733096267408,1144.525490196078,"{""type"":""MultiPoint"",""coordinates"":[]}"
"2_1_1_2_641,10214",0.0,0,46.0952974410344,24.681067359274355,0.16838658852664873,606.8745098039216,Grassland,30,0.5134619611461599,2,0.5134619611461599,1850.5450980392145,0,1.0,grassland,B_24.68107_46.09530,B,1.0,3604.0549019607824,0.0,0,test,3604.0549019607824,0.31815145032719133,1146.6352941176463,"{""type"":""MultiPoint"",""coordinates"":[]}"
"2_1_1_2_636,10206",0.0,0,46.05866637173451,24.650280698452505,0.0026338884206904526,9.486274509803922,Grassland,30,0.5050608984619136,2,0.5050608984619136,1819.0392156862733,0,1.0,grassland,B_24.65028_46.05867,B,1.0,3601.623529411763,0.0,0,test,3601.623529411763,0.4923052131173959,1773.0980392156855,"{""type"":""MultiPoint"",""coordinates"":[]}"
"2_1_1_2_597,10209",0.0,0,46.06669441664531,24.39779543280485,0.009995655483074354,36.0,Grassland,30,0.527624703424111,2,0.527624703424111,1900.2745098039215,0,1.0,grassland,B_24.39780_46.06669,B,1.0,3601.5647058823515,0.0,0,test,3601.5647058823515,0.46237964109281465,1665.2901960784302,"{""type"":""MultiPoint"",""coordinates"":[]}"
"2_1_2_549,10202",0.0,0,46.027751859168006,24.08950891670655,0.6190895040535032,2227.454901960783,Cropland,40,0.6190895040535032,3,0.313267457094339,1127.1215686274502,0,1.0,cropland,B_24.08951_46.02775,B,1.0,3597.9529411764684,0.0,0,test,3597.9529411764684,0.0676430388521578,243.3764705882353,"{""type"":""MultiPoint"",""coordinates"":[]}"
"2_1_2_555,10216",0.0019933243773446875,7.180392156862745,46.0916543944694,24.12495599602399,0.6820565969130143,2456.917647058823,Cropland,40,0.6820565969130143,3,0.04869111201590305,175.39607843137256,2.0,1.0,cropland,B_24.12496_46.09165,B,0.9994447867654583,3600.219607843137,0.0,0,test,3602.219607843137,0.2667037534591962,960.7254901960785,"{""type"":""MultiPoint"",""coordinates"":[]}"
"2_1_2_603,10205",7.613408748558194E-4,2.7411764705882353,46.04958819590486,24.437378982098036,0.5239811483721576,1886.5725490196075,Cropland,40,0.5239811483721576,3,0.4130769825632244,1487.2666666666655,0,1.0,cropland,B_24.43738_46.04959,B,1.0,3600.45882352941,0.0,0,test,3600.45882352941,0.062180528189762344,223.87843137254904,"{""type"":""MultiPoint"",""coordinates"":[]}"
"2_1_2_578,10222",0.03348335460175825,120.69803921568628,46.12226801978435,24.272214477881846,0.9342800230199424,3367.815686274512,Cropland,40,0.9342800230199424,3,0.01713440883025838,61.76470588235294,1.0,1.0,cropland,B_24.27221_46.12227,B,0.9997225857617958,3603.717647058825,0.0,0,test,3604.717647058825,0.014824799309836887,53.439215686274515,"{""type"":""MultiPoint"",""coordinates"":[]}"
"2_1_2_564,10196",0.0,0,46.003209242568076,24.18766576503444,0.9781317156087238,3518.101960784313,Cropland,40,0.9781317156087238,3,0.017609545854489834,63.33725490196078,0,1.0,cropland,B_24.18767_46.00321,B,1.0,3596.7568627450974,0.0,0,test,3596.7568627450974,0.004258738536786408,15.317647058823525,"{""type"":""MultiPoint"",""coordinates"":[]}"
"2_1_2_557,10214",0.01706061750964417,61.44705882352941,46.082989936185534,24.138340931144285,0.5008705063309058,1803.9803921568625,Cropland,40,0.5008705063309058,3,0.14020759316704254,504.98431372549015,0,1.0,cropland,B_24.13834_46.08299,B,1.0,3601.69019607843,0.0,0,test,3601.69019607843,0.3418612829924075,1231.2784313725476,"{""type"":""MultiPoint"",""coordinates"":[]}"
"2_1_2_623,10194",0.0,0,46.00295546947539,24.568690393945474,0.6341887179911995,2281.694117647059,Cropland,40,0.6341887179911995,3,0.2479609087431045,892.1176470588236,0,1.0,cropland,B_24.56869_46.00296,B,1.0,3597.81568627451,0.0,0,test,3597.81568627451,0.11785037326569604,424.0039215686274,"{""type"":""MultiPoint"",""coordinates"":[]}"
"2_1_2_548,10202",0.0,0,46.02758723174814,24.08305680821301,0.6025196675320601,2167.8941176470594,Cropland,40,0.6025196675320601,3,0.33161126624247117,1193.1529411764695,0,1.0,cropland,B_24.08306_46.02759,B,1.0,3598.047058823529,0.0,0,test,3598.047058823529,0.06586906622546873,237.0,"{""type"":""MultiPoint"",""coordinates"":[]}"
"2_2_597,10217",0.06153635215116071,221.76470588235293,46.10265805362898,24.396102789142326,0.5221993342539302,1881.9019607843131,Cropland,40,0.5221993342539302,3,0.18465475984500027,665.4588235294118,0,1.0,urban_mixed,B_24.39610_46.10266,B,1.0,3603.7999999999993,0.0,0,test,3603.7999999999993,0.2316095537499089,834.6745098039215,"{""type"":""MultiPoint"",""coordinates"":[]}"
"2_2_573,10221",0.3740959837579004,1348.3490196078428,46.116996740938646,24.240118851654778,0.28172883484043515,1015.4313725490198,Built-up,50,0.3740959837579004,4,0.17899820801594618,645.1607843137256,0.996078431372549,1.0,urban_mixed,B_24.24012_46.11700,B,0.9997236405891461,3603.290196078431,0.0,0,test,3604.2862745098037,0.16490061397486433,594.349019607843,"{""type"":""MultiPoint"",""coordinates"":[]}"
"2_2_555,10207",0.08634252677471334,310.81176470588235,46.05120437357846,24.127057295696257,0.28967347432340107,1042.7529411764694,Tree cover,10,0.5280405953785501,0,0.09594340352333551,345.3725490196078,0,1.0,urban_mixed,B_24.12706_46.05120,B,1.0,3599.752941176469,0.0,0,test,3599.752941176469,0.5280405953785501,1900.8156862745093,"{""type"":""MultiPoint"",""coordinates"":[]}"
"2_2_657,10205",0.24789188141622026,892.8705882352942,46.056879031571086,24.78610185742003,0.40845076556414817,1471.180392156862,Cropland,40,0.40845076556414817,3,0.14037102887074526,505.5960784313725,1.996078431372549,1.0,urban_mixed,B_24.78610_46.05688,B,0.9994458193109651,3599.858823529411,0.0,0,test,3601.8549019607835,0.20273214345985138,730.2117647058825,"{""type"":""MultiPoint"",""coordinates"":[]}"
"2_2_614,10204",0.09359022675139259,336.9607843137255,46.046663704409234,24.50860632074174,0.052317944271744424,188.36470588235295,Grassland,30,0.4631215839703384,2,0.4631215839703384,1667.4156862745085,0,1.0,urban_mixed,B_24.50861_46.04666,B,1.0,3600.3843137254894,0.0,0,test,3600.3843137254894,0.3909702450065245,1407.643137254902,"{""type"":""MultiPoint"",""coordinates"":[]}"
"2_2_544,10218",0.1288648964045019,464.2274509803922,46.09883182632126,24.05342265619885,0.5704888087687959,2055.1490196078444,Cropland,40,0.5704888087687959,3,0.08797970000685806,316.94117647058823,9.882352941176473,1.0,urban_mixed,B_24.05342_46.09883,B,0.9972567576835277,3592.552941176472,0.0,0,test,3602.4352941176485,0.20992335250337182,756.2352941176471,"{""type"":""MultiPoint"",""coordinates"":[]}"
"2_2_560,10201",0.25332970027247964,911.4901960784313,46.02504413078689,24.16071610231619,0.4473024523160762,1609.4117647058813,Cropland,40,0.4473024523160762,3,0.14225504087193466,511.83921568627454,0,1.0,urban_mixed,B_24.16072_46.02504,B,1.0,3598.039215686273,0.0,0,test,3598.039215686273,0.1571128065395096,565.2980392156862,"{""type"":""MultiPoint"",""coordinates"":[]}"
