model,seed,test_overall_accuracy,test_macro_precision,test_macro_recall,test_macro_f1,test_weighted_f1,test_mean_iou,test_kappa,valid_pixel_count
CfC,42,0.838069583538919,0.8028455493379064,0.8415197768685593,0.8176323280768629,0.8359500124228313,0.6963300218397387,0.7626191553993399,74989
CfC,123,0.8334155676165838,0.7964749566292206,0.8397680785390788,0.813013864614462,0.8318427311616304,0.6900668186435439,0.7562464711052186,74989
CfC,2026,0.8378828894904586,0.7983401548120205,0.843593624164255,0.815613329662255,0.836504270368353,0.6936456589842104,0.7628824809853424,74989
LSTM,42,0.8350691434743762,0.8045348051150576,0.8305462779041768,0.8143063835394824,0.8322846358786851,0.6917727179595866,0.7575411879863985,74989
LSTM,123,0.8357359079331635,0.8024562947040867,0.8325188106420887,0.8143144853686575,0.8335920209295661,0.6918251697869903,0.7589480420967407,74989
LSTM,2026,0.8369760898265078,0.7985506628383775,0.8413544925994544,0.8142647597498099,0.8345294651873738,0.6918629082649652,0.7610862820256017,74989
GRU,42,0.8274680286442011,0.7901614525791083,0.8312096859783972,0.8056505222552282,0.8254628335044175,0.6798372129964254,0.7472700374839328,74989
GRU,123,0.8082118710744243,0.7920493549076381,0.7930191504671568,0.7890822468607033,0.8048968566751219,0.6576885298940864,0.7173736658887678,74989
GRU,2026,0.8321753857232395,0.7977637714913584,0.8315189017297444,0.8110550295701954,0.8311433282307131,0.6875039140361591,0.7544483154802367,74989
