model,retain_fraction,mean_miou,std_miou,mean_miou_drop,std_miou_drop,mean_macro_f1
CfC,1.0,0.7424545792938928,0.003748745948547662,0.0,0.0,0.8497696701747639
LSTM,1.0,0.740454535498535,0.004983815134175005,0.0,0.0,0.8487399774714817
GRU,1.0,0.7375819739012036,0.011250418618113375,0.0,0.0,0.8471215849646786
CfC,0.75,0.7337038065510633,0.0036518221055962985,0.008750772742829514,0.0031395841556597945,0.8436287811935982
LSTM,0.75,0.7300556641315434,0.006594705328534741,0.010398871366991655,0.003782808784765077,0.8414913627461599
GRU,0.75,0.7280002812547063,0.011058477417447442,0.009581692646497256,0.005509994088133621,0.8403780097406561
CfC,0.5,0.7079978757226589,0.02072575023189889,0.03445670357123395,0.020857687758565658,0.8247044950114999
GRU,0.5,0.7052498228925863,0.024311418599393002,0.03233215100861728,0.02310761849299198,0.8236726968255473
LSTM,0.5,0.7051825342005442,0.02169870692045115,0.03527200129799087,0.020978164767219473,0.8230734203932181
CfC,0.25,0.5796374872676595,0.03863851300055641,0.1628170920262333,0.040170437614482,0.7215511199846026
GRU,0.25,0.5777520957395118,0.037063482101366875,0.1598298781616918,0.04100144736102132,0.7212839703354338
LSTM,0.25,0.5657924290459629,0.03378071396144223,0.17466210645257207,0.03303059405108076,0.7096439877395978
